{
    "name": "BESSY II Standard User Mode 2019/05/07",
    "description": "",
    "elements": {
        "B": ["Dipole", {"length": 0.855, "angle": 0.196349540849362, "e1": 0.09817477042, "e2": 0.09817477042, "description": ""}],
        "S1": ["Sextupole", {"length": 0.105, "k2": 53.711598071533, "description": ""}],
        "Q3D2": ["Quadrupole", {"length": 0.25, "k1": -2.195027714854704, "description": ""}],
        "Q4D4": ["Quadrupole", {"length": 0.5, "k1": 1.4895705433137862, "description": ""}],
        "S2": ["Sextupole", {"length": 0.16, "k2": -44.968873069, "description": ""}],
        "Q3D3": ["Quadrupole", {"length": 0.25, "k1": -2.1881679651178816, "description": ""}],
        "Q4D5": ["Quadrupole", {"length": 0.5, "k1": 1.4806265832327752, "description": ""}],
        "B1ID": ["Dipole", {"length": 0.28, "angle": 0.0578788879, "e1": 0, "e2": 0.0578788879, "description": ""}],
        "Q3D4": ["Quadrupole", {"length": 0.25, "k1": -2.1301994845684886, "description": ""}],
        "Q4D6": ["Quadrupole", {"length": 0.5, "k1": 1.4819524232289745, "description": ""}],
        "B2ID": ["Dipole", {"length": 0.56, "angle": -0.1117010721, "e1": -0.0578788879, "e2": -0.0538221842, "description": ""}],
        "S3P1T6": ["Sextupole", {"length": 0.16, "k2": -43.8795, "description": ""}],
        "Q3D5": ["Quadrupole", {"length": 0.25, "k1": -2.124813693856704, "description": ""}],
        "B3ID": ["Dipole", {"length": 0.28, "angle": 0.0538221842, "e1": 0.0538221842, "e2": 0, "description": ""}],
        "S3P2T6": ["Sextupole", {"length": 0.16, "k2": -43.8795, "description": ""}],
        "Q4D7": ["Quadrupole", {"length": 0.5, "k1": 1.4733989444833122, "description": ""}],
        "S3D1": ["Sextupole", {"length": 0.16, "k2": -39.96, "description": ""}],
        "Q3D6": ["Quadrupole", {"length": 0.25, "k1": -2.109199185226485, "description": ""}],
        "DS4D6": ["Drift", {"length": 0.164, "description": ""}],
        "Q4D8": ["Quadrupole", {"length": 0.5, "k1": 1.4893864135583927, "description": ""}],
        "S3D": ["Sextupole", {"length": 0.16, "k2": -42.735, "description": ""}],
        "Q4T2": ["Quadrupole", {"length": 0.5, "k1": 2.246353048313962, "description": ""}],
        "DB1ID": ["Drift", {"length": 2.02014, "description": ""}],
        "Q3D7": ["Quadrupole", {"length": 0.25, "k1": -2.114934487275352, "description": ""}],
        "S3T": ["Sextupole", {"length": 0.16, "k2": -43.8795, "description": ""}],
        "Q4T3": ["Quadrupole", {"length": 0.5, "k1": 2.579508567294197, "description": ""}],
        "DB2ID": ["Drift", {"length": 2.21625, "description": ""}],
        "Q3D8": ["Quadrupole", {"length": 0.25, "k1": -2.132163764867927, "description": ""}],
        "Q3T2": ["Quadrupole", {"length": 0.25, "k1": -2.163286050016433, "description": ""}],
        "Q4T4": ["Quadrupole", {"length": 0.5, "k1": 2.580313888273066, "description": ""}],
        "DB3ID": ["Drift", {"length": 0.1, "description": ""}],
        "S4P1T6": ["Sextupole", {"length": 0.16, "k2": 41.25, "description": ""}],
        "Q3T3": ["Quadrupole", {"length": 0.25, "k1": -2.4309220826107603, "description": ""}],
        "Q4T5": ["Quadrupole", {"length": 0.5, "k1": 2.5752073333756766, "description": ""}],
        "DQ5T6": ["Drift", {"length": 2.2976, "description": ""}],
        "S4P2T6": ["Sextupole", {"length": 0.16, "k2": 41.25, "description": ""}],
        "S4D": ["Sextupole", {"length": 0.16, "k2": 38.2185, "description": ""}],
        "Q3T4": ["Quadrupole", {"length": 0.25, "k1": -2.437473034612692, "description": ""}],
        "DQIT6": ["Drift", {"length": 2.3644, "description": ""}],
        "Q4T7": ["Quadrupole", {"length": 0.5, "k1": 2.582620724222026, "description": ""}],
        "Q3T5": ["Quadrupole", {"length": 0.25, "k1": -2.4500689455522133, "description": ""}],
        "Q5P1T1": ["Quadrupole", {"length": 0.2, "k1": -2.4958115098261615, "description": ""}],
        "S4D1": ["Sextupole", {"length": 0.16, "k2": 27.0435, "description": ""}],
        "S4T": ["Sextupole", {"length": 0.16, "k2": 55.0, "description": ""}],
        "Q5P1T6": ["Quadrupole", {"length": 0.2, "k1": -1.0521806901266906, "description": ""}],
        "QIT6": ["Quadrupole", {"length": 0.122, "k1": -1.0791894671160693, "description": ""}],
        "Q3T7": ["Quadrupole", {"length": 0.25, "k1": -2.433306930078419, "description": ""}],
        "DQ1": ["Drift", {"length": 0.288, "description": ""}],
        "Q1D": ["Quadrupole", {"length": 0.25, "k1": 2.4412502258740236, "description": ""}],
        "Q4P1T1": ["Quadrupole", {"length": 0.5, "k1": 2.6277815072032142, "description": ""}],
        "Q5P1T8": ["Quadrupole", {"length": 0.2, "k1": -2.4966129217201325, "description": ""}],
        "Q2D": ["Quadrupole", {"length": 0.2, "k1": -1.854171854312531, "description": ""}],
        "DS1": ["Drift", {"length": 0.16, "description": ""}],
        "Q5P2T1": ["Quadrupole", {"length": 0.2, "k1": -2.518717434035317, "description": ""}],
        "Q4P1T6": ["Quadrupole", {"length": 0.5, "k1": 2.2556063350365068, "description": ""}],
        "DQ2": ["Drift", {"length": 0.42, "description": ""}],
        "Q3P1T1": ["Quadrupole", {"length": 0.25, "k1": -2.5153933330187686, "description": ""}],
        "Q5P2T6": ["Quadrupole", {"length": 0.2, "k1": -2.4805601712770464, "description": ""}],
        "Q4P1T8": ["Quadrupole", {"length": 0.5, "k1": 2.5634926931601414, "description": ""}],
        "DS2": ["Drift", {"length": 0.307, "description": ""}],
        "Q4P2T1": ["Quadrupole", {"length": 0.5, "k1": 2.5640930715857437, "description": ""}],
        "Q3P1T6": ["Quadrupole", {"length": 0.25, "k1": -2.68837126251975, "description": ""}],
        "Q5P2T8": ["Quadrupole", {"length": 0.2, "k1": -2.5200563869225228, "description": ""}],
        "DB": ["Drift", {"length": 0.42, "description": ""}],
        "Q5T2": ["Quadrupole", {"length": 0.2, "k1": -2.8657495734894223, "description": ""}],
        "Q4P2T6": ["Quadrupole", {"length": 0.5, "k1": 2.562851714274353, "description": ""}],
        "Q3P1T8": ["Quadrupole", {"length": 0.25, "k1": -2.474878288551601, "description": ""}],
        "DS3": ["Drift", {"length": 0.153, "description": ""}],
        "Q3P2T1": ["Quadrupole", {"length": 0.25, "k1": -2.4624031452309323, "description": ""}],
        "Q5T3": ["Quadrupole", {"length": 0.2, "k1": -2.625348273358675, "description": ""}],
        "Q4P2T8": ["Quadrupole", {"length": 0.5, "k1": 2.64327524092027, "description": ""}],
        "Q4D1": ["Quadrupole", {"length": 0.5, "k1": 1.4014878626430145, "description": ""}],
        "DQ3": ["Drift", {"length": 0.153, "description": ""}],
        "Q5T4": ["Quadrupole", {"length": 0.2, "k1": -2.6022536572954245, "description": ""}],
        "Q3P2T6": ["Quadrupole", {"length": 0.25, "k1": -2.3291674197841425, "description": ""}],
        "DL": ["Drift", {"length": 2.806, "description": ""}],
        "Q4D2": ["Quadrupole", {"length": 0.5, "k1": 1.5320627540563128, "description": ""}],
        "Q5T5": ["Quadrupole", {"length": 0.2, "k1": -2.581049121531802, "description": ""}],
        "Q3P2T8": ["Quadrupole", {"length": 0.25, "k1": -2.511999345290208, "description": ""}],
        "Q3D1": ["Quadrupole", {"length": 0.25, "k1": -2.0209870098432225, "description": ""}],
        "DK": ["Drift", {"length": 2.453, "description": ""}],
        "Q4D3": ["Quadrupole", {"length": 0.5, "k1": 1.579676212283061, "description": ""}],
        "Q5T7": ["Quadrupole", {"length": 0.2, "k1": -2.610663634349188, "description": ""}]
    },
    "sub_lattices": {
        "ACHRH": ["S1", "DS1", "Q1D", "DQ1", "S2", "DS2", "Q2D", "DQ2"],
        "ACHLH": ["DQ2", "Q2D", "DS2", "S2", "DQ1", "Q1D", "DS1", "S1"],
        "D1LH": ["DB", "Q3D1", "DQ3", "S3D1", "DS3", "Q4D1", "DQ3", "S4D1", "DL"],
        "D1RH": ["DL", "S4D1", "DQ3", "Q4D1", "DS3", "S3D1", "DQ3", "Q3D1", "DB"],
        "T1LH": ["DB", "Q3P1T1", "DQ3", "S3T", "DS3", "Q4P1T1", "DQ3", "S4T", "DQ3", "Q5P1T1", "DK"],